Customer Name,Last_Order_Date,Frequency,Monetary,Recency,R_score,F_score,M_score,RFM_Score,Segment
Aaron Bergman,2016-11-10,3,886.156,416,1,1,1,111,At Risk
Aaron Hawkins,2017-12-18,7,1744.6999999999998,13,4,3,2,432,Loyal Customers
Aaron Smayling,2017-10-03,7,3050.6920000000005,89,2,3,3,233,At Risk
Adam Bellavance,2017-11-06,8,7755.619999999999,55,3,3,4,334,Loyal Customers
Adam Hart,2017-11-26,10,3250.336999999999,35,3,4,3,343,Loyal Customers
Adam Shillingsburg,2017-12-02,9,3255.3099999999995,29,4,4,3,443,Loyal Customers
Adrian Barton,2017-11-19,10,14473.570999999998,42,3,4,4,344,Loyal Customers
Adrian Hane,2017-10-31,7,1735.5140000000001,61,3,3,2,332,Loyal Customers
Adrian Shami,2017-11-19,2,58.82,42,3,1,1,311,Others
Aimee Bixby,2017-11-19,5,966.7099999999998,42,3,1,1,311,Others
Alan Barnes,2017-12-05,8,1113.838,26,4,3,1,431,Loyal Customers
Alan Dominguez,2017-12-01,8,6106.879999999999,30,4,3,4,434,Loyal Customers
Alan Haines,2017-11-05,4,1587.452,56,3,1,2,312,Others
Alan Hwang,2017-12-24,9,4805.344,7,4,4,4,444,High Value
Alan Schoenberger,2017-12-08,5,4260.784000000001,23,4,1,4,414,Others
Alan Shonely,2017-06-21,7,584.6080000000001,193,1,3,1,131,At Risk
Alejandro Ballentine,2017-07-17,9,914.5319999999998,167,2,4,1,241,At Risk
Alejandro Grove,2017-03-27,5,2582.8979999999997,279,1,1,3,113,At Risk
Alejandro Savely,2017-12-11,6,3214.236,20,4,2,3,423,Others
Aleksandra Gannaway,2017-09-03,4,367.548,119,2,1,1,211,At Risk
Alex Avila,2017-06-29,5,5563.56,185,1,1,4,114,At Risk
Alex Grayson,2017-12-22,5,660.972,9,4,2,1,421,Others
Alex Russell,2017-09-10,4,1055.694,112,2,1,1,211,At Risk
Alice McCarthy,2017-12-02,5,814.0120000000001,29,4,2,1,421,Others
Allen Armold,2017-12-11,9,1056.39,20,4,4,1,441,Loyal Customers
Allen Goldenen,2017-09-07,5,200.945,115,2,2,1,221,At Risk
Allen Rosenblatt,2017-08-27,5,2236.128,126,2,2,2,222,At Risk
Alyssa Crouse,2017-05-12,3,925.8,233,1,1,1,111,At Risk
Alyssa Tate,2017-12-09,6,1171.8139999999999,22,4,2,2,422,Others
Amy Cox,2017-12-19,7,5527.8460000000005,12,4,3,4,434,Loyal Customers
Amy Hunt,2017-05-14,5,2495.3916000000004,231,1,2,3,123,At Risk
Andrew Allen,2017-04-15,4,1790.512,260,1,1,2,112,At Risk
Andrew Gjertsen,2017-10-13,8,2356.855,79,2,3,3,233,At Risk
Andrew Roberts,2017-12-16,5,264.86400000000003,15,4,2,1,421,Others
Andy Gerbode,2015-09-07,4,1455.0379999999998,846,1,1,2,112,At Risk
Andy Reiter,2017-12-24,6,6608.448,7,4,2,4,424,Others
Andy Yotov,2017-12-16,4,497.01400000000007,15,4,1,1,411,Others
Anemone Ratner,2016-07-14,1,88.15,535,1,1,1,111,At Risk
Angele Hood,2017-12-09,4,738.504,22,4,1,1,411,Others
Ann Blume,2017-11-10,4,1515.862,51,3,1,2,312,Others
Ann Chong,2017-12-24,5,2537.686,7,4,2,3,423,Others
Ann Steele,2017-09-29,7,833.398,93,2,3,1,231,At Risk
Anna Andreadi,2017-11-05,6,5086.935000000001,56,3,2,4,324,Others
Anna Chung,2017-03-23,5,657.316,283,1,2,1,121,At Risk
Anna Gayman,2017-09-24,7,3489.0395999999996,98,2,3,3,233,At Risk
Anna Häberlin,2016-11-15,12,7888.294000000001,411,1,4,4,144,At Risk
Anne McFarland,2017-07-21,8,5664.022,163,2,3,4,234,At Risk
Anne Pryor,2017-11-19,8,1638.5539999999999,42,3,3,2,332,Loyal Customers
Annie Thurman,2017-12-17,10,3831.8640000000005,14,4,4,4,444,High Value
Annie Zypern,2017-07-23,6,1622.018,161,2,2,2,222,At Risk
Anthony Garverick,2017-10-14,4,170.58399999999997,78,2,1,1,211,At Risk
Anthony Jacobs,2017-10-16,7,4867.344,76,3,3,4,334,Loyal Customers
Anthony Johnson,2017-07-17,7,4501.391,167,2,3,4,234,At Risk
Anthony O'Donnell,2016-08-16,1,161.28,502,1,1,1,111,At Risk
Anthony Rawles,2017-11-02,8,4523.335999999999,59,3,3,4,334,Loyal Customers
Anthony Witt,2017-12-10,4,649.376,21,4,1,1,411,Others
Arianne Irving,2017-12-17,10,4375.785999999999,14,4,4,4,444,High Value
Art Ferguson,2017-11-19,7,2052.9080000000004,42,3,3,2,332,Loyal Customers
Art Foster,2016-11-10,4,861.5649999999999,416,1,1,1,111,At Risk
Arthur Gainer,2017-09-25,10,4510.7970000000005,97,2,4,4,244,At Risk
Arthur Prichep,2017-09-23,10,3323.556,99,2,4,3,243,At Risk
Arthur Wiediger,2017-11-14,7,2852.9680000000003,47,3,3,3,333,Loyal Customers
Ashley Jarboe,2017-10-06,7,1839.2400000000002,86,2,3,2,232,At Risk
Astrea Jones,2017-10-17,3,629.2479999999999,75,3,1,1,311,Others
Barbara Fisher,2017-09-30,7,599.798,92,2,3,1,231,At Risk
Barry Blumstein,2017-09-16,5,744.3399999999999,106,2,2,1,221,At Risk
Barry Franz,2017-11-21,4,1333.88,40,3,1,2,312,Others
Barry Französisch,2017-10-17,8,2888.506,75,3,3,3,333,Loyal Customers
Barry Gonzalez,2017-12-02,8,2798.948,29,4,3,3,433,Loyal Customers
Barry Pond,2017-10-08,5,983.4199999999998,84,2,2,1,221,At Risk
Barry Weirich,2017-06-01,3,385.516,213,1,1,1,111,At Risk
Bart Folk,2017-12-05,3,272.95,26,4,1,1,411,Others
Bart Pistole,2017-12-13,12,2442.044,18,4,4,3,443,Loyal Customers
Bart Watters,2017-08-31,8,4750.357999999999,122,2,3,4,234,At Risk
Becky Castell,2017-06-11,9,2933.6759999999995,203,1,4,3,143,At Risk
Becky Martin,2017-02-26,4,11789.630000000003,308,1,1,4,114,At Risk
Becky Pak,2017-10-02,6,1697.8609999999999,90,2,2,2,222,At Risk
Ben Ferrer,2017-12-14,11,5907.972,17,4,4,4,444,High Value
Ben Peterman,2017-12-29,9,3675.861,2,4,4,3,443,Loyal Customers
Ben Wallace,2017-06-10,6,1738.4060000000002,204,1,2,2,122,At Risk
Benjamin Farhat,2017-10-26,4,1585.162,66,3,1,2,312,Others
Benjamin Patterson,2017-11-21,5,1181.4900000000002,40,3,2,2,322,Others
Benjamin Venier,2017-01-30,5,1523.2730000000001,335,1,2,2,122,At Risk
Berenike Kampe,2017-10-14,6,659.138,78,2,2,1,221,At Risk
Beth Fritzler,2017-11-03,3,791.9899999999999,58,3,1,1,311,Others
Beth Paige,2017-12-18,7,2475.1570000000006,13,4,3,3,433,Loyal Customers
Beth Thompson,2017-01-28,5,2567.656,337,1,2,3,123,At Risk
Bill Donatelli,2017-11-27,12,5718.521000000001,34,3,4,4,344,Loyal Customers
Bill Eplett,2017-09-02,5,4204.6759999999995,120,2,2,4,224,At Risk
Bill Overfelt,2017-08-15,5,2682.728,138,2,2,3,223,At Risk
Bill Shonely,2016-06-20,5,10501.652999999998,559,1,2,4,124,At Risk
Bill Stewart,2017-12-02,5,3887.834,29,4,2,4,424,Others
Bill Tyler,2017-03-03,6,2186.6130000000003,303,1,2,2,122,At Risk
Bobby Elias,2017-09-23,5,2261.438,99,2,2,3,223,At Risk
Bobby Odegard,2017-10-16,2,130.83,76,3,1,1,311,Others
Bobby Trafton,2016-06-18,4,603.876,561,1,1,1,111,At Risk
Brad Eason,2017-04-20,6,1727.652,255,1,2,2,122,At Risk
Brad Norvell,2017-12-06,4,265.296,25,4,1,1,411,Others
Brad Thomas,2016-03-11,2,415.19599999999997,660,1,1,1,111,At Risk
Bradley Drucker,2017-11-25,6,4411.243,36,3,2,4,324,Others
Bradley Nguyen,2017-12-21,5,1459.344,10,4,2,2,422,Others
Bradley Talbott,2017-09-30,5,2684.492,92,2,2,3,223,At Risk
Brenda Bowman,2017-12-02,9,6765.727999999999,29,4,4,4,444,High Value
Brendan Dodson,2017-03-27,2,320.53999999999996,279,1,1,1,111,At Risk
Brendan Murry,2017-09-21,6,808.1619999999999,101,2,2,1,221,At Risk
Brendan Sweed,2017-11-25,6,2454.9280000000003,36,3,2,3,323,Others
Brian Dahlen,2017-09-24,7,3288.471,98,2,3,3,233,At Risk
Brian DeCherney,2017-10-22,6,1538.1099999999997,70,3,2,2,322,Others
Brian Derr,2017-12-21,3,582.646,10,4,1,1,411,Others
Brian Moss,2017-11-27,11,7294.185,34,3,4,4,344,Loyal Customers
Brian Stugart,2016-05-27,3,3288.11,583,1,1,3,113,At Risk
Brian Thompson,2017-12-10,7,3196.7520000000004,21,4,3,3,433,Loyal Customers
Brooke Gillingham,2017-11-24,6,1874.172,37,3,2,2,322,Others
Brosina Hoffman,2017-12-07,8,6255.351000000001,24,4,3,4,434,Loyal Customers
Bruce Degenhardt,2017-09-28,6,1526.5,94,2,2,2,222,At Risk
Bruce Geld,2017-11-03,6,1006.356,58,3,2,1,321,Others
Bruce Stewart,2017-12-29,7,2562.3820000000005,2,4,3,3,433,Loyal Customers
Bryan Davis,2017-02-06,6,658.466,328,1,2,1,121,At Risk
Bryan Mills,2017-05-26,10,1338.8419999999999,219,1,4,2,142,At Risk
Bryan Spruell,2017-04-09,2,949.43,266,1,1,1,111,At Risk
Candace McMahon,2017-08-21,6,1673.8880000000001,132,2,2,2,222,At Risk
Cari Sayre,2017-09-30,5,1278.954,92,2,2,2,222,At Risk
Cari Schnelling,2017-07-21,6,537.6320000000001,163,2,2,1,221,At Risk
Carl Jackson,2016-12-30,1,16.52,366,1,1,1,111,At Risk
Carl Ludwig,2017-09-15,4,1262.014,107,2,1,2,212,At Risk
Carl Weiss,2017-12-08,6,1136.592,23,4,2,1,421,Others
Carlos Daly,2017-11-20,5,2033.968,41,3,2,2,322,Others
Carlos Meador,2016-01-22,2,565.392,709,1,1,1,111,At Risk
Carlos Soltero,2017-12-05,11,3036.5469999999996,26,4,4,3,443,Loyal Customers
Carol Adams,2017-09-25,6,3789.7228,97,2,2,4,224,At Risk
Carol Darley,2017-11-06,3,639.766,55,3,1,1,311,Others
Carol Triggs,2017-09-25,8,3241.898000000001,97,2,3,3,233,At Risk
Caroline Jumper,2017-06-24,8,11164.974,190,1,3,4,134,At Risk
Cassandra Brandow,2017-11-13,10,6076.138999999999,48,3,4,4,344,Loyal Customers
Catherine Glotzbach,2017-11-11,6,904.468,50,3,2,1,321,Others
Cathy Armstrong,2016-11-24,5,1679.724,402,1,2,2,122,At Risk
Cathy Hwang,2016-02-08,3,1537.2360000000003,692,1,1,2,112,At Risk
Cathy Prescott,2017-10-09,8,5402.253999999999,83,2,3,4,234,At Risk
Chad Cunningham,2016-09-29,6,1770.945,458,1,2,2,122,At Risk
Chad McGuire,2017-12-22,4,1661.6100000000001,9,4,1,2,412,Others
Chad Sievert,2016-08-28,4,884.64,490,1,1,1,111,At Risk
Charles Crestani,2017-09-15,7,2471.6500000000005,107,2,3,3,233,At Risk
Charles McCrossin,2017-12-04,6,2533.314,27,4,2,3,423,Others
Charles Sheldon,2017-05-12,5,844.4580000000001,233,1,2,1,121,At Risk
Charlotte Melton,2017-12-22,6,1475.1440000000002,9,4,2,2,422,Others
Chloris Kastensmidt,2017-11-21,13,3154.855,40,3,4,3,343,Loyal Customers
Chris Cortes,2017-12-10,12,3913.418,21,4,4,4,444,High Value
Chris McAfee,2016-12-10,5,2305.712,386,1,2,3,123,At Risk
Chris Selesnick,2017-12-04,12,2754.216,27,4,4,3,443,Loyal Customers
Christina Anderson,2017-11-04,9,2648.2871999999998,57,3,4,3,343,Loyal Customers
Christina DeMoss,2017-11-18,2,1205.584,43,3,1,2,312,Others
Christina VanderZanden,2017-04-20,5,2830.6279999999997,255,1,2,3,123,At Risk
Christine Abelman,2017-12-17,4,1421.954,14,4,1,2,412,Others
Christine Kargatis,2017-09-01,5,2945.321,121,2,2,3,223,At Risk
Christine Phan,2017-07-23,8,5888.275000000001,161,2,3,4,234,At Risk
Christine Sundaresam,2017-12-24,11,3202.1620000000003,7,4,4,3,443,Loyal Customers
Christopher Conant,2017-11-17,5,12129.072,44,3,2,4,324,Others
Christopher Martinez,2017-11-23,4,8954.02,38,3,1,4,314,Others
Christopher Schild,2017-12-28,9,3651.8585000000007,3,4,4,3,443,Loyal Customers
Christy Brittain,2017-12-04,8,1949.2,27,4,3,2,432,Loyal Customers
Chuck Clark,2017-12-30,10,2870.0500000000006,1,4,4,3,443,Loyal Customers
Chuck Magee,2016-10-20,3,287.98999999999995,437,1,1,1,111,At Risk
Chuck Sachs,2017-12-03,2,550.6440000000001,28,4,1,1,411,Others
Cindy Chapman,2017-11-21,9,1659.438,40,3,4,2,342,Loyal Customers
Cindy Schnelling,2016-11-01,4,1077.2285000000002,425,1,1,1,111,At Risk
Cindy Stewart,2017-11-02,6,5690.054999999999,59,3,2,4,324,Others
Claire Gute,2017-01-26,3,1148.7800000000002,339,1,1,2,112,At Risk
Claudia Bergmann,2017-06-16,8,4246.4555,198,1,3,4,134,At Risk
Clay Cheatham,2017-12-03,3,113.832,28,4,1,1,411,Others
Clay Ludtke,2017-03-21,12,10880.545999999998,285,1,4,4,144,At Risk
Clay Rozendal,2017-11-03,4,2148.852,58,3,1,2,312,Others
Clytie Kelty,2017-11-17,11,2372.7500000000005,44,3,4,3,343,Loyal Customers
Corey Catlett,2017-11-26,7,2540.631,35,3,3,3,333,Loyal Customers
Corey Roper,2016-09-16,3,475.9,471,1,1,1,111,At Risk
Corey-Lock,2016-06-29,5,1300.076,550,1,2,2,122,At Risk
Corinna Mitchell,2017-12-03,6,6339.5576,28,4,2,4,424,Others
Craig Carreira,2017-12-01,7,2269.7015000000006,30,4,3,3,433,Loyal Customers
Craig Carroll,2015-10-23,4,2854.1150000000007,800,1,1,3,113,At Risk
Craig Leslie,2017-09-16,5,2353.586,106,2,2,3,223,At Risk
Craig Molinari,2015-03-01,4,3984.4524,1036,1,1,4,114,At Risk
Craig Reiter,2017-10-13,4,1600.55,79,2,1,2,212,At Risk
Craig Yedwab,2017-10-31,8,2900.026,61,3,3,3,333,Loyal Customers
Cyma Kinney,2017-10-09,9,1582.1090000000004,83,2,4,2,242,At Risk
Cynthia Arntzen,2017-09-01,7,3041.5659999999993,121,2,3,3,233,At Risk
Cynthia Delaney,2016-11-26,5,1860.732,400,1,2,2,122,At Risk
Cynthia Voltz,2017-12-25,9,2370.3136,6,4,4,3,443,Loyal Customers
Cyra Reiten,2017-10-06,3,1397.8724000000002,86,2,1,2,212,At Risk
Damala Kotsonis,2017-12-09,12,3256.4800000000005,22,4,4,3,443,Loyal Customers
Dan Campbell,2017-11-23,9,3336.1680000000006,38,3,4,3,343,Loyal Customers
Dan Lawera,2017-09-21,8,1503.112,101,2,3,2,232,At Risk
Dan Reichenbach,2017-12-27,9,6528.033999999999,4,4,4,4,444,High Value
Dana Kaydos,2017-11-15,5,4282.175999999999,46,3,2,4,324,Others
Daniel Byrd,2017-12-09,8,2171.599,22,4,3,2,432,Loyal Customers
Daniel Lacy,2017-11-03,6,3272.2000000000003,58,3,2,3,323,Others
Daniel Raglin,2017-11-10,8,8350.868,51,3,3,4,334,Loyal Customers
Dario Medina,2017-09-07,7,1322.034,115,2,3,2,232,At Risk
Darren Budd,2017-05-03,5,2839.2272000000003,242,1,2,3,123,At Risk
Darren Koutras,2017-12-23,5,1687.04,8,4,2,2,422,Others
Darren Powers,2017-08-26,9,1050.636,127,2,4,1,241,At Risk
Darrin Martin,2017-11-03,7,6345.103,58,3,3,4,334,Loyal Customers
Darrin Sayre,2017-09-28,4,1762.2130000000002,94,2,1,2,212,At Risk
Darrin Van Huff,2017-12-11,5,1119.4830000000002,20,4,2,1,421,Others
Dave Brooks,2017-12-14,7,4531.646000000002,17,4,3,4,434,Loyal Customers
Dave Hallsten,2017-03-28,6,4932.871999999999,278,1,2,4,124,At Risk
Dave Kipp,2017-11-18,7,2650.557,43,3,3,3,333,Loyal Customers
Dave Poirier,2017-12-24,8,2215.002,7,4,3,2,432,Loyal Customers
David Bremer,2017-11-12,7,2973.094,49,3,3,3,333,Loyal Customers
David Flashing,2016-01-30,3,2390.534,701,1,1,3,113,At Risk
David Kendrick,2017-12-20,2,797.832,11,4,1,1,411,Others
David Philippe,2015-10-10,2,1058.616,813,1,1,1,111,At Risk
David Smith,2017-12-07,9,2881.8128,24,4,4,3,443,Loyal Customers
David Wiener,2017-10-22,6,1080.751,70,3,2,1,321,Others
Dean Braden,2017-12-21,10,2332.577,10,4,4,3,443,Loyal Customers
Dean Katz,2017-12-20,9,4802.393999999999,11,4,4,4,444,High Value
Dean percer,2017-10-07,11,7198.760999999999,85,2,4,4,244,At Risk
Deanra Eno,2016-01-11,5,2550.874,720,1,2,3,123,At Risk
Deborah Brumfield,2017-11-07,8,4655.897,54,3,3,4,334,Loyal Customers
Debra Catini,2017-12-07,5,1174.618,24,4,2,2,422,Others
Deirdre Greer,2017-11-28,5,3195.818,33,3,2,3,323,Others
Delfina Latchford,2017-12-08,8,1458.2580000000003,23,4,3,2,432,Loyal Customers
Denise Leinenbach,2017-11-03,4,585.02,58,3,1,1,311,Others
Denise Monton,2017-12-08,8,4074.4720000000007,23,4,3,4,434,Loyal Customers
Dennis Bolton,2017-04-10,5,1081.466,265,1,2,1,121,At Risk
Dennis Kane,2017-12-11,8,3318.4859999999994,20,4,3,3,433,Loyal Customers
Dennis Pardue,2017-01-06,9,5480.723999999999,359,1,4,4,144,At Risk
Denny Blanton,2017-06-26,4,1711.692,188,1,1,2,112,At Risk
Denny Joy,2016-04-02,4,2012.5200000000002,638,1,1,2,112,At Risk
Denny Ordway,2017-08-19,9,1300.0315000000003,134,2,4,2,242,At Risk
Dianna Arnett,2017-01-12,4,156.76,353,1,1,1,111,At Risk
Dianna Vittorini,2017-12-01,6,3341.5870000000004,30,4,2,3,423,Others
Dianna Wilson,2017-05-27,5,5271.628,218,1,2,4,124,At Risk
Dionis Lloyd,2017-10-15,8,3539.322,77,2,3,3,233,At Risk
Don Jones,2017-11-12,8,2501.688,49,3,3,3,333,Loyal Customers
Don Miller,2016-09-05,3,1376.792,482,1,1,2,112,At Risk
Don Weiss,2017-09-23,5,344.08000000000004,99,2,2,1,221,At Risk
Dorothy Badders,2017-09-14,7,3908.8028,108,2,3,4,234,At Risk
Dorothy Dickinson,2017-11-19,6,269.54200000000003,42,3,2,1,321,Others
Dorothy Wardle,2017-05-02,7,1204.854,243,1,3,2,132,At Risk
Dorris liebe,2017-09-02,5,755.602,120,2,2,1,221,At Risk
Doug Bickford,2017-11-27,7,1989.05,34,3,3,2,332,Loyal Customers
Doug Jacobs,2017-12-18,3,3356.3979999999997,13,4,1,3,413,Others
Doug O'Connell,2017-12-04,7,1267.316,27,4,3,2,432,Loyal Customers
Duane Benoit,2017-12-18,7,1155.2019999999998,13,4,3,2,432,Loyal Customers
Duane Huffman,2015-11-15,4,1043.096,777,1,1,1,111,At Risk
Duane Noonan,2017-05-27,7,2139.7900000000004,218,1,3,2,132,At Risk
Ed Braxton,2017-11-12,9,3644.9780000000005,49,3,4,3,343,Loyal Customers
Ed Jacobs,2017-03-03,4,2162.174,303,1,1,2,112,At Risk
Ed Ludwig,2017-10-14,2,124.28,78,2,1,1,211,At Risk
Edward Becker,2017-11-25,10,3236.3139999999994,36,3,4,3,343,Loyal Customers
Edward Hooks,2017-08-17,12,10310.880000000001,136,2,4,4,244,At Risk
Edward Nazzal,2017-03-18,4,2199.366,288,1,1,2,112,At Risk
Eileen Kiefer,2017-11-16,4,1303.478,45,3,1,2,312,Others
Eleni McCrary,2017-08-20,5,2567.01,133,2,2,3,223,At Risk
Elizabeth Moffitt,2017-11-05,8,2339.598,56,3,3,3,333,Loyal Customers
Ellis Ballard,2017-10-01,5,4358.128,91,2,2,4,224,At Risk
Elpida Rittenbach,2016-11-04,3,1245.788,422,1,1,2,112,At Risk
Emily Burns,2017-09-21,10,2767.219,101,2,4,3,243,At Risk
Emily Ducich,2017-08-17,8,3484.92,136,2,3,3,233,At Risk
Emily Grady,2017-12-08,5,1832.02,23,4,2,2,422,Others
Emily Phan,2017-12-18,17,5478.0608,13,4,4,4,444,High Value
Eric Barreto,2017-07-22,5,944.6000000000001,162,2,2,1,221,At Risk
Eric Hoffmann,2017-05-27,8,684.171,218,1,3,1,131,At Risk
Eric Murdock,2017-08-01,5,933.704,152,2,2,1,221,At Risk
Erica Bern,2017-12-30,4,1643.255,1,4,1,2,412,Others
Erica Hackney,2016-11-20,6,825.9499999999999,406,1,2,1,121,At Risk
Erica Hernandez,2017-12-28,7,1219.5299999999997,3,4,3,2,432,Loyal Customers
Erica Smith,2017-11-20,5,3510.4579999999996,41,3,2,3,323,Others
Erin Ashbrook,2017-07-31,13,2846.7050000000004,153,2,4,3,243,At Risk
Erin Creighton,2017-11-07,5,461.914,54,3,2,1,321,Others
Erin Mull,2017-11-13,4,228.99,48,3,1,1,311,Others
Erin Smith,2017-12-02,9,4657.924,29,4,4,4,444,High Value
Eudokia Martin,2017-09-08,4,1041.042,114,2,1,1,211,At Risk
Eugene Barchas,2017-09-08,6,3071.1259999999997,114,2,2,3,223,At Risk
Eugene Hildebrand,2017-07-31,10,3082.6530000000002,153,2,4,3,243,At Risk
Eugene Moren,2017-11-12,6,4588.436,49,3,2,4,324,Others
Eva Jacobs,2017-11-03,5,2656.691,58,3,2,3,323,Others
Evan Bailliet,2017-10-09,6,1186.326,83,2,2,2,222,At Risk
Evan Henry,2017-09-16,6,923.884,106,2,2,1,221,At Risk
Evan Minnotte,2017-07-25,3,366.822,159,2,1,1,211,At Risk
Filia McAdams,2017-12-23,10,2456.6380000000004,8,4,4,3,443,Loyal Customers
Frank Atkinson,2017-09-24,7,2984.053999999999,98,2,3,3,233,At Risk
Frank Carlisle,2017-10-21,7,3418.742,71,3,3,3,333,Loyal Customers
Frank Gastineau,2017-11-26,7,1383.1440000000002,35,3,3,2,332,Loyal Customers
Frank Hawley,2017-11-23,10,4256.272,38,3,4,4,344,Loyal Customers
Frank Merwin,2017-11-24,9,3736.1979999999994,37,3,4,3,343,Loyal Customers
Frank Olsen,2017-11-22,10,2678.438,39,3,4,3,343,Loyal Customers
Frank Preis,2017-12-07,8,4046.7460000000005,24,4,3,4,434,Loyal Customers
Fred Chung,2017-06-29,7,3889.3659999999995,185,1,3,4,134,At Risk
Fred Harton,2017-06-01,4,2271.284,213,1,1,3,113,At Risk
Fred Hopkins,2017-12-25,8,6987.195999999999,6,4,3,4,434,Loyal Customers
Fred McMath,2017-08-07,9,2523.2659999999996,146,2,4,3,243,At Risk
Fred Wasserman,2017-01-02,3,79.75,363,1,1,1,111,At Risk
Gary Hansen,2017-10-16,9,2819.4670000000006,76,3,4,3,343,Loyal Customers
Gary Hwang,2017-11-10,4,4172.8460000000005,51,3,1,4,314,Others
Gary McGarr,2017-10-08,7,3582.8199999999997,84,2,3,3,233,At Risk
Gary Mitchum,2017-12-14,6,3078.6240000000003,17,4,2,3,423,Others
Gary Zandusky,2017-12-23,9,4355.15,8,4,4,4,444,High Value
Gene Hale,2016-12-08,2,1361.2440000000001,388,1,1,2,112,At Risk
Gene McClure,2017-09-15,10,1255.6819999999998,107,2,4,2,242,At Risk
George Ashbrook,2017-08-03,8,3919.7760000000003,150,2,3,4,234,At Risk
George Bell,2017-10-29,11,1568.44,63,3,4,2,342,Loyal Customers
George Zrebassa,2017-07-26,4,2454.6220000000003,158,2,1,3,213,At Risk
Georgia Rosenberg,2014-11-21,2,1284.38,1136,1,1,2,112,At Risk
Giulietta Baptist,2017-12-17,5,4716.2880000000005,14,4,2,4,424,Others
Giulietta Dortch,2017-12-25,4,1888.0700000000002,6,4,1,2,412,Others
Giulietta Weimer,2017-12-02,7,2189.0190000000007,29,4,3,2,432,Loyal Customers
Grace Kelly,2017-09-09,9,6497.27,113,2,4,4,244,At Risk
Grant Thornton,2017-11-04,3,9351.211999999998,57,3,1,4,314,Others
Greg Guthrie,2017-11-17,9,2224.000000000001,44,3,4,2,342,Loyal Customers
Greg Hansen,2017-12-28,2,146.94080000000002,3,4,1,1,411,Others
Greg Matthias,2017-07-31,6,3163.628,153,2,2,3,223,At Risk
Greg Maxwell,2017-09-04,3,6049.966000000002,118,2,1,4,214,At Risk
Greg Tran,2017-11-24,11,11820.119999999997,37,3,4,4,344,Loyal Customers
Guy Armstrong,2017-12-25,11,1398.382,6,4,4,2,442,Loyal Customers
Guy Phonely,2015-11-26,2,236.53,766,1,1,1,111,At Risk
Guy Thornton,2017-11-26,4,226.43599999999998,35,3,1,1,311,Others
Hallie Redmond,2017-12-17,5,1299.2879999999998,14,4,2,2,422,Others
Harold Dahlen,2015-11-22,3,251.36,770,1,1,1,111,At Risk
Harold Engle,2017-12-18,4,883.5320000000002,13,4,1,1,411,Others
Harold Pawlan,2017-11-30,7,1990.314,31,4,3,2,432,Loyal Customers
Harold Ryan,2017-07-24,7,5248.786999999999,160,2,3,4,234,At Risk
Harry Greene,2017-11-06,5,785.628,55,3,2,1,321,Others
Harry Marie,2017-12-28,10,8236.7648,3,4,4,4,444,High Value
Heather Jas,2017-08-26,5,358.1,127,2,2,1,221,At Risk
Heather Kirkland,2017-08-01,8,4877.784,152,2,3,4,234,At Risk
Helen Abelman,2017-10-22,7,2163.3,70,3,3,2,332,Loyal Customers
Helen Andreada,2017-12-10,8,2584.1580000000004,21,4,3,3,433,Loyal Customers
Helen Wasserman,2017-09-04,8,9300.253999999997,118,2,3,4,234,At Risk
Henia Zydlo,2017-11-25,5,886.5199999999999,36,3,2,1,321,Others
Henry Goldwyn,2017-12-07,12,3247.6419999999994,24,4,4,3,443,Loyal Customers
Henry MacAllister,2017-04-27,4,736.276,248,1,1,1,111,At Risk
Herbert Flentye,2017-12-09,7,2533.164,22,4,3,3,433,Loyal Customers
Hilary Holden,2017-10-19,2,218.668,73,3,1,1,311,Others
Hunter Glantz,2017-12-24,7,3690.284,7,4,3,3,433,Loyal Customers
Hunter Lopez,2017-11-17,6,12873.297999999999,44,3,2,4,324,Others
Ionia McGrath,2016-11-16,3,2872.63,410,1,1,3,113,At Risk
Irene Maddox,2016-12-05,7,4930.473999999999,391,1,3,4,134,At Risk
Ivan Gibson,2017-10-20,4,744.574,72,3,1,1,311,Others
Ivan Liston,2017-08-10,7,5040.736,143,2,3,4,234,At Risk
Jack Garza,2015-12-03,3,2358.676,759,1,1,3,113,At Risk
Jack Lebron,2017-12-22,6,1214.9560000000001,9,4,2,2,422,Others
Jack O'Briant,2017-11-03,9,3254.9490000000005,58,3,4,3,343,Loyal Customers
James Galang,2017-12-29,11,6366.391999999999,2,4,4,4,444,High Value
James Lanier,2017-12-24,5,1571.523,7,4,2,2,422,Others
Jamie Frazer,2017-10-26,7,2279.5860000000002,66,3,3,3,333,Loyal Customers
Jamie Kunitz,2017-10-30,5,4427.142000000001,62,3,2,4,324,Others
Jane Waco,2017-11-18,6,7721.714,43,3,2,4,324,Others
Janet Lee,2017-09-02,5,2203.7,120,2,2,2,222,At Risk
Janet Martin,2017-11-23,6,3159.1220000000003,38,3,2,3,323,Others
Janet Molinari,2017-11-23,5,1804.1460000000002,38,3,2,2,322,Others
Jas O'Carroll,2017-09-29,6,1934.2720000000002,93,2,2,2,222,At Risk
Jason Fortune-,2017-05-19,5,955.124,226,1,2,1,121,At Risk
Jason Gross,2017-12-28,6,2240.5800000000004,3,4,2,2,422,Others
Jason Klamczynski,2017-03-18,3,383.812,288,1,1,1,111,At Risk
Jasper Cacioppo,2017-09-07,4,71.26299999999999,115,2,1,1,211,At Risk
Jay Fein,2017-09-16,6,1911.844,106,2,2,2,222,At Risk
Jay Kimmel,2017-11-16,8,2709.632,45,3,3,3,333,Loyal Customers
Jenna Caffey,2017-07-08,1,1058.1080000000002,176,2,1,1,211,At Risk
Jennifer Braxton,2017-12-23,10,1791.605,8,4,4,2,442,Loyal Customers
Jennifer Ferguson,2017-12-28,6,2371.448,3,4,2,3,423,Others
Jennifer Halladay,2017-12-25,4,309.281,6,4,1,1,411,Others
Jennifer Jackson,2016-09-03,5,709.1780000000001,484,1,2,1,121,At Risk
Jennifer Patt,2017-11-23,7,1669.1350000000002,38,3,3,2,332,Loyal Customers
Jeremy Ellison,2017-06-20,6,1388.682,194,1,2,2,122,At Risk
Jeremy Farry,2017-08-31,11,1082.918,122,2,4,1,241,At Risk
Jeremy Lonsdale,2017-11-11,6,3173.874,50,3,2,3,323,Others
Jeremy Pistek,2017-12-22,7,3635.5940000000005,9,4,3,3,433,Loyal Customers
Jessica Myrick,2017-09-19,7,1733.4430000000002,103,2,3,2,232,At Risk
Jesus Ocampo,2017-05-29,5,1090.838,216,1,2,1,121,At Risk
Jill Fjeld,2017-11-06,8,4198.332,55,3,3,4,334,Loyal Customers
Jill Matthias,2017-12-30,5,303.948,1,4,2,1,421,Others
Jill Stevenson,2017-09-02,4,1417.654,120,2,1,2,212,At Risk
Jim Epp,2017-11-12,7,7754.976,49,3,3,4,334,Loyal Customers
Jim Karlsson,2017-10-30,7,3760.028,62,3,3,3,333,Loyal Customers
Jim Kriz,2017-07-03,9,4760.434000000001,181,2,4,4,244,At Risk
Jim Mitchum,2017-12-22,5,864.9470000000001,9,4,2,1,421,Others
Jim Radford,2016-05-16,2,1156.658,594,1,1,2,112,At Risk
Jim Sink,2017-11-18,4,1131.0639999999999,43,3,1,1,311,Others
Jocasta Rupert,2017-10-23,1,863.88,69,3,1,1,311,Others
Joe Elijah,2017-11-14,10,8697.843,47,3,4,4,344,Loyal Customers
Joe Kamberova,2017-10-07,10,4867.200000000001,85,2,4,4,244,At Risk
Joel Eaton,2017-11-09,13,6760.814999999999,52,3,4,4,344,Loyal Customers
Joel Jenkins,2015-12-08,2,195.0,754,1,1,1,111,At Risk
John Castell,2017-07-25,9,2772.0550000000007,159,2,4,3,243,At Risk
John Dryer,2017-09-04,5,2152.3520000000003,118,2,2,2,222,At Risk
John Grady,2017-05-21,6,1507.0180000000003,224,1,2,2,122,At Risk
John Huston,2017-07-09,6,528.9100000000001,175,2,2,1,221,At Risk
John Lee,2017-12-09,11,9799.923,22,4,4,4,444,High Value
John Lucas,2016-04-25,6,2725.2560000000003,615,1,2,3,123,At Risk
John Murray,2017-09-12,7,7625.076000000002,110,2,3,4,234,At Risk
John Stevenson,2016-07-14,5,3868.02,535,1,2,4,124,At Risk
Jonathan Doherty,2016-12-01,11,7610.864,395,1,4,4,144,At Risk
Jonathan Howell,2017-11-19,7,959.4770000000002,42,3,3,1,331,Loyal Customers
Joni Blumstein,2015-12-24,3,900.552,738,1,1,1,111,At Risk
Joni Sundaresam,2016-09-23,5,469.169,464,1,2,1,121,At Risk
Joni Wasserman,2017-12-25,7,1244.086,6,4,3,2,432,Loyal Customers
Joseph Airdo,2017-09-29,8,6491.026000000001,93,2,3,4,234,At Risk
Joseph Holt,2017-12-01,6,7954.998,30,4,2,4,424,Others
Joy Bell-,2017-11-17,7,644.1188,44,3,3,1,331,Loyal Customers
Joy Daniels,2017-09-09,6,385.43,113,2,2,1,221,At Risk
Joy Smith,2017-12-02,6,2516.4939999999997,29,4,2,3,423,Others
Julia Barnett,2017-12-23,5,2518.115,8,4,2,3,423,Others
Julia Dunbar,2017-03-05,3,695.4420000000001,301,1,1,1,111,At Risk
Julia West,2016-09-25,4,1428.731,462,1,1,2,112,At Risk
Juliana Krohn,2017-12-02,3,3747.6680000000006,29,4,1,3,413,Others
Julie Creighton,2017-11-03,5,858.576,58,3,2,1,321,Others
Julie Kriz,2017-09-04,10,2932.4840000000004,118,2,4,3,243,At Risk
Julie Prescott,2017-09-19,9,1707.7099999999998,103,2,4,2,242,At Risk
Justin Deggeller,2017-11-19,8,8828.030499999999,42,3,3,4,334,Loyal Customers
Justin Ellison,2017-12-10,3,2697.248,21,4,1,3,413,Others
Justin Hirsh,2016-11-21,4,2256.3940000000002,405,1,1,2,112,At Risk
Justin MacKendrick,2017-11-03,10,2833.9260000000004,58,3,4,3,343,Loyal Customers
Justin Ritter,2017-11-27,5,2201.6859999999997,34,3,2,2,322,Others
Kalyca Meade,2017-12-16,6,2260.9579999999996,15,4,2,3,423,Others
Karen Bern,2017-12-26,7,3152.615,5,4,3,3,433,Loyal Customers
Karen Carlisle,2016-11-18,6,2120.954,408,1,2,2,122,At Risk
Karen Daniels,2016-09-02,5,8282.358,485,1,2,4,124,At Risk
Karen Ferguson,2017-09-24,7,10604.266,98,2,3,4,234,At Risk
Karen Seio,2017-03-10,3,88.47200000000001,296,1,1,1,111,At Risk
Karl Braun,2017-03-09,9,1569.4640000000002,297,1,4,2,142,At Risk
Katharine Harms,2017-11-20,8,3312.864,41,3,3,3,333,Loyal Customers
Katherine Ducich,2017-11-19,6,1888.964,42,3,2,2,322,Others
Katherine Hughes,2017-12-29,6,3100.6119999999996,2,4,2,3,423,Others
Katherine Murray,2017-11-04,8,5620.186,57,3,3,4,334,Loyal Customers
Katherine Nockton,2017-12-11,9,2617.2720000000004,20,4,4,3,443,Loyal Customers
Katrina Bavinger,2017-09-04,3,908.8209999999999,118,2,1,1,211,At Risk
Katrina Edelman,2017-12-04,8,1686.7312000000002,27,4,4,2,442,Loyal Customers
Katrina Willman,2017-09-25,5,4416.52,97,2,2,4,224,At Risk
Kean Nguyen,2017-11-08,5,2171.962,53,3,2,2,322,Others
Kean Takahito,2016-12-04,7,3057.1,392,1,3,3,133,At Risk
Kean Thornton,2017-09-21,10,4642.088400000001,101,2,4,4,244,At Risk
Keith Dawkins,2017-09-09,12,8181.256,113,2,4,4,244,At Risk
Keith Herrera,2017-12-08,7,5952.859000000002,23,4,3,4,434,Loyal Customers
Kelly Andreada,2017-11-24,7,1519.506,37,3,3,2,332,Loyal Customers
Kelly Collister,2017-09-24,4,3908.2619999999997,98,2,1,4,214,At Risk
Kelly Lampkin,2017-12-14,8,5016.488000000001,17,4,4,4,444,High Value
Kelly Williams,2015-11-20,4,449.09600000000006,772,1,1,1,111,At Risk
Ken Black,2017-05-14,12,2744.742,231,1,4,3,143,At Risk
Ken Brennan,2017-12-29,7,983.922,2,4,3,1,431,Loyal Customers
Ken Dana,2017-03-16,5,2243.5099999999998,290,1,2,2,122,At Risk
Ken Heidel,2017-11-02,9,3918.966,59,3,4,4,344,Loyal Customers
Ken Lonsdale,2017-11-13,12,14175.229,48,3,4,4,344,Loyal Customers
Khloe Miller,2017-12-15,5,453.538,16,4,2,1,421,Others
Kimberly Carter,2017-11-03,4,1146.0500000000002,58,3,1,1,311,Others
Kristen Hastings,2017-12-28,7,5990.798999999999,3,4,3,4,434,Loyal Customers
Kristina Nunn,2017-09-23,8,2280.5800000000004,99,2,4,3,243,At Risk
Kunst Miller,2017-12-02,8,4909.472000000001,29,4,4,4,444,High Value
Larry Blacks,2017-11-12,3,50.188,49,3,1,1,311,Others
Larry Hughes,2017-08-01,3,287.426,152,2,1,1,211,At Risk
Larry Tron,2017-12-04,3,329.876,27,4,1,1,411,Others
Laura Armstrong,2017-07-29,11,8673.221999999998,155,2,4,4,244,At Risk
Laurel Beltran,2017-07-31,8,4985.676,153,2,4,4,244,At Risk
Laurel Elliston,2017-12-09,6,1469.4500000000003,22,4,2,2,422,Others
Laurel Workman,2017-10-03,5,2238.0609999999997,89,2,2,2,222,At Risk
Lauren Leatherbury,2017-04-25,6,2741.204,250,1,2,3,123,At Risk
Lela Donovan,2016-06-26,1,5.304,553,1,1,1,111,At Risk
Lena Cacioppo,2017-12-03,8,2580.7039999999997,28,4,4,3,443,Loyal Customers
Lena Creighton,2017-12-14,12,7663.125999999999,17,4,4,4,444,High Value
Lena Hernandez,2017-12-09,9,2295.3320000000003,22,4,4,3,443,Loyal Customers
Lena Radford,2017-12-04,6,5142.891999999999,27,4,2,4,424,Others
Linda Cazamias,2017-11-19,8,4492.946,42,3,4,4,344,Loyal Customers
Linda Southworth,2017-07-05,6,2845.27,179,2,2,3,223,At Risk
Lindsay Castell,2016-10-20,4,3246.626,437,1,1,3,113,At Risk
Lindsay Shagiari,2017-12-10,9,2988.674,21,4,4,3,443,Loyal Customers
Lindsay Williams,2017-11-27,6,3230.308,34,3,2,3,323,Others
Lisa DeCherney,2016-11-11,4,1961.934,415,1,1,2,112,At Risk
Lisa Hazard,2017-05-05,4,318.239,240,1,1,1,111,At Risk
Lisa Ryan,2017-08-20,5,1879.3059999999998,133,2,2,2,222,At Risk
Liz Carlisle,2017-11-06,5,2095.064,55,3,2,2,322,Others
Liz MacKendrick,2016-12-04,5,1346.774,392,1,2,2,122,At Risk
Liz Pelletier,2017-11-20,4,756.606,41,3,1,1,311,Others
Liz Preis,2017-12-21,7,3653.3990000000003,10,4,3,3,433,Loyal Customers
Liz Thompson,2017-11-26,8,2936.2519999999995,35,3,4,3,343,Loyal Customers
Liz Willingham,2017-06-08,3,1259.04,206,1,1,2,112,At Risk
Logan Currie,2017-12-17,9,2633.5820000000003,14,4,4,3,443,Loyal Customers
Logan Haushalter,2016-12-10,9,1739.6889999999999,386,1,4,2,142,At Risk
Lori Olson,2017-12-28,5,644.35,3,4,2,1,421,Others
Luke Foster,2017-12-08,7,3930.509,23,4,3,4,434,Loyal Customers
Luke Schmidt,2017-09-25,6,1010.2560000000001,97,2,2,1,221,At Risk
Luke Weiss,2017-12-09,7,5420.513999999999,22,4,3,4,434,Loyal Customers
Lycoris Saunders,2015-11-14,3,368.88,778,1,1,1,111,At Risk
Lynn Smith,2017-11-26,6,1008.1359999999999,35,3,2,1,321,Others
Magdelene Morse,2017-07-15,4,1314.0230000000001,169,2,1,2,212,At Risk
Marc Crier,2017-10-15,8,2725.982,77,2,4,3,243,At Risk
Marc Harrigan,2017-09-02,6,2394.0249999999996,120,2,2,3,223,At Risk
Maria Bertelson,2017-11-12,10,1548.7019999999998,49,3,4,2,342,Loyal Customers
Maria Etezadi,2017-11-18,10,10663.727999999997,43,3,4,4,344,Loyal Customers
Maria Zettner,2017-11-30,4,593.606,31,4,1,1,411,Others
Maribeth Dona,2017-09-04,7,3766.382,118,2,3,3,233,At Risk
Maribeth Schnelling,2017-04-01,10,7443.6900000000005,274,1,4,4,144,At Risk
Maribeth Yedwab,2017-12-01,7,2254.2849999999994,30,4,3,2,432,Loyal Customers
Marina Lichtenstein,2017-10-22,9,2722.843,70,3,4,3,343,Loyal Customers
Maris LaWare,2017-11-06,6,2921.499999999999,55,3,3,3,333,Loyal Customers
Mark Cousins,2016-11-26,5,4432.138,400,1,2,4,124,At Risk
Mark Haberlin,2016-12-19,4,400.016,377,1,1,1,111,At Risk
Mark Hamilton,2017-10-06,8,2456.182,86,2,4,3,243,At Risk
Mark Packer,2016-01-11,7,3206.132,720,1,3,3,133,At Risk
Mark Van Huff,2017-12-03,9,1560.05,28,4,4,2,442,Loyal Customers
Mary O'Rourke,2017-10-19,4,922.487,73,3,1,1,311,Others
Mary Zewe,2017-03-23,6,2564.906,283,1,3,3,133,At Risk
MaryBeth Skach,2016-10-22,4,475.65599999999995,435,1,1,1,111,At Risk
Mathew Reese,2017-08-27,4,639.178,126,2,1,1,211,At Risk
Matt Abelman,2017-10-27,11,4299.160999999999,65,3,4,4,344,Loyal Customers
Matt Collins,2017-12-03,8,1303.893,28,4,4,2,442,Loyal Customers
Matt Collister,2017-11-09,6,2426.0669999999996,52,3,3,3,333,Loyal Customers
Matt Connell,2017-09-09,8,2258.192,113,2,4,3,243,At Risk
Matt Hagelstein,2017-07-28,4,1252.8,156,2,1,2,212,At Risk
Matthew Clasen,2017-06-24,4,795.1540000000001,190,1,1,1,111,At Risk
Matthew Grinstein,2017-12-01,7,3785.276,30,4,3,3,433,Loyal Customers
Maureen Fritzler,2016-11-04,5,937.039,422,1,2,1,121,At Risk
Maureen Gastineau,2017-09-29,4,2350.188,93,2,1,3,213,At Risk
Maureen Gnade,2016-06-23,3,1342.282,556,1,1,2,112,At Risk
Maurice Satty,2016-11-12,6,1613.402,414,1,3,2,132,At Risk
Max Engle,2017-12-02,8,1908.4532,29,4,4,2,442,Loyal Customers
Max Jones,2017-12-08,7,6320.746,23,4,3,4,434,Loyal Customers
Max Ludwig,2017-12-01,7,2071.914,30,4,3,2,432,Loyal Customers
Maxwell Schwartz,2017-08-31,9,3144.6779999999994,122,2,4,3,243,At Risk
Maya Herman,2017-09-23,7,2203.7780000000002,99,2,3,2,232,At Risk
Meg O'Connel,2017-09-17,8,1687.027,105,2,4,2,242,At Risk
Meg Tillman,2017-11-11,6,2890.139,50,3,3,3,333,Loyal Customers
Melanie Seite,2016-10-04,4,370.348,453,1,1,1,111,At Risk
Michael Chen,2017-12-29,7,3805.714000000001,2,4,3,4,434,Loyal Customers
Michael Dominguez,2017-11-24,5,1204.9099999999999,37,3,2,2,322,Others
Michael Grace,2017-09-05,5,1242.833,117,2,2,2,222,At Risk
Michael Granlund,2017-09-22,9,776.384,100,2,4,1,241,At Risk
Michael Kennedy,2017-12-02,8,2302.3680000000004,29,4,4,3,443,Loyal Customers
Michael Moore,2017-12-23,11,3794.08,8,4,4,4,444,High Value
Michael Nguyen,2017-11-26,6,2477.946,35,3,3,3,333,Loyal Customers
Michael Oakman,2017-07-03,2,154.288,181,2,1,1,211,At Risk
Michael Paige,2017-10-19,9,3983.6420000000003,73,3,4,4,344,Loyal Customers
Michael Stewart,2017-12-04,6,855.1160000000001,27,4,3,1,431,Loyal Customers
Michelle Arnett,2017-06-27,6,2453.284,187,1,3,3,133,At Risk
Michelle Ellison,2017-09-29,4,1256.944,93,2,1,2,212,At Risk
Michelle Huthwaite,2017-11-11,5,2984.9480000000003,50,3,2,3,323,Others
Michelle Lonsdale,2017-10-12,3,742.082,80,2,1,1,211,At Risk
Michelle Moray,2017-10-30,8,2749.881,62,3,4,3,343,Loyal Customers
Michelle Tran,2017-06-10,4,1319.4497999999999,204,1,1,2,112,At Risk
Mick Brown,2017-11-16,7,1428.231,45,3,3,2,332,Loyal Customers
Mick Crebagga,2017-11-19,10,2218.98,42,3,4,2,342,Loyal Customers
Mick Hernandez,2017-12-25,9,5503.092999999999,6,4,4,4,444,High Value
Mike Caudle,2016-12-26,5,1581.9979999999998,370,1,2,2,122,At Risk
Mike Gockenbach,2017-10-07,4,3061.543,85,2,1,3,213,At Risk
Mike Kennedy,2017-05-04,4,1031.6019999999999,241,1,1,1,111,At Risk
Mike Pelletier,2017-12-14,9,5087.92,17,4,4,4,444,High Value
Mike Vittorini,2017-12-11,7,1734.5739999999998,20,4,3,2,432,Loyal Customers
Mitch Gastineau,2017-04-10,1,16.739,265,1,1,1,111,At Risk
Mitch Webber,2017-12-13,7,5341.9,18,4,3,4,434,Loyal Customers
Mitch Willingham,2017-11-16,2,5253.876,45,3,1,4,314,Others
Monica Federle,2017-12-23,5,1758.3,8,4,2,2,422,Others
Muhammed Lee,2017-09-21,2,162.232,101,2,1,1,211,At Risk
Muhammed MacIntyre,2017-10-06,9,775.4140000000001,86,2,4,1,241,At Risk
Muhammed Yedwab,2017-10-20,11,4152.696000000001,72,3,4,4,344,Loyal Customers
Nancy Lomonaco,2017-11-02,4,1418.0900000000001,59,3,1,2,312,Others
Naresj Patel,2017-12-05,6,5529.62,26,4,3,4,434,Loyal Customers
Nat Carroll,2017-05-20,5,2461.404000000001,225,1,2,3,123,At Risk
Nat Gilpin,2017-11-12,5,1869.58,49,3,2,2,322,Others
Natalie DeCherney,2017-12-03,9,4326.139,28,4,4,4,444,High Value
Natalie Fritzler,2017-10-12,7,8322.826000000001,80,2,3,4,234,At Risk
Natalie Webber,2017-07-11,7,7234.013999999999,173,2,3,4,234,At Risk
Nathan Cano,2017-11-19,6,2218.99,42,3,3,2,332,Loyal Customers
Nathan Gelder,2017-11-12,5,1395.938,49,3,2,2,322,Others
Nathan Mautz,2017-07-23,7,6459.343999999999,161,2,3,4,234,At Risk
Neil Ducich,2017-06-30,6,2893.455,184,2,3,3,233,At Risk
Neil Französisch,2016-07-23,4,377.16200000000003,526,1,1,1,111,At Risk
Neil Knudson,2017-10-21,7,572.048,71,3,3,1,331,Loyal Customers
Neola Schneider,2017-12-24,4,2575.863,7,4,1,3,413,Others
Neoma Murray,2017-04-30,10,2161.9790000000003,245,1,4,2,142,At Risk
Nick Crebassa,2017-12-24,7,8241.739,7,4,3,4,434,Loyal Customers
Nick Radford,2017-06-03,5,2367.277,211,1,2,3,123,At Risk
Nick Zandusky,2017-10-06,9,2488.31,86,2,4,3,243,At Risk
Nicole Brennan,2014-10-22,2,273.87199999999996,1166,1,1,1,111,At Risk
Nicole Fjeld,2017-09-07,7,2031.472,115,2,3,2,232,At Risk
Nicole Hansen,2017-06-24,7,2673.2899999999995,190,1,3,3,133,At Risk
Noah Childs,2017-06-09,5,1821.7420000000002,205,1,2,2,122,At Risk
Noel Staavos,2017-07-09,13,2964.8229999999994,175,2,4,3,243,At Risk
Nona Balk,2017-12-11,9,1972.599,20,4,4,2,442,Loyal Customers
Nora Paige,2017-11-02,5,3908.402,59,3,2,4,324,Others
Nora Pelletier,2016-11-19,6,1228.698,407,1,3,2,132,At Risk
Nora Preis,2017-08-14,7,7903.182500000001,139,2,3,4,234,At Risk
Odella Nelson,2016-11-15,9,1567.52,411,1,4,2,142,At Risk
Olvera Toch,2017-10-26,5,3818.6240000000003,66,3,2,4,324,Others
Pamela Coakley,2017-12-28,4,1832.064,3,4,1,2,412,Others
Pamela Stobb,2017-09-14,6,2181.479,108,2,3,2,232,At Risk
Parhena Norris,2017-11-30,8,1467.152,31,4,4,2,442,Loyal Customers
Patricia Hirasaki,2017-10-21,1,729.648,71,3,1,1,311,Others
Patrick Bzostek,2017-12-05,3,740.356,26,4,1,1,411,Others
Patrick Gardner,2017-11-24,13,3086.907,37,3,4,3,343,Loyal Customers
Patrick Jones,2017-11-21,8,1220.0900000000001,40,3,4,2,342,Loyal Customers
Patrick O'Brill,2017-12-26,11,7473.828200000001,5,4,4,4,444,High Value
Patrick O'Donnell,2017-12-30,7,2493.2140000000004,1,4,3,3,433,Loyal Customers
Patrick Ryan,2017-11-24,5,1840.1779999999997,37,3,2,2,322,Others
Paul Gonzalez,2017-11-03,9,1987.1640000000002,58,3,4,2,342,Loyal Customers
Paul Knutson,2016-09-03,2,1441.152,484,1,1,2,112,At Risk
Paul Lucas,2017-12-15,5,239.48100000000002,16,4,2,1,421,Others
Paul MacIntyre,2016-12-09,3,1405.402,387,1,1,2,112,At Risk
Paul Prost,2017-09-24,10,7252.608000000002,98,2,4,4,244,At Risk
Paul Stevenson,2017-10-22,8,1278.6390000000001,70,3,4,2,342,Loyal Customers
Paul Van Hugh,2017-10-02,5,2876.0460000000003,90,2,2,3,223,At Risk
Pauline Chand,2015-08-01,2,1061.488,883,1,1,1,111,At Risk
Pauline Johnson,2017-08-18,7,1824.2340000000002,135,2,3,2,232,At Risk
Pauline Webber,2017-11-14,10,3454.916,47,3,4,3,343,Loyal Customers
Penelope Sewall,2017-05-08,7,6843.633999999999,237,1,3,4,134,At Risk
Pete Armstrong,2017-09-18,6,729.408,104,2,3,1,231,At Risk
Pete Kriz,2017-12-21,12,8646.933999999997,10,4,4,4,444,High Value
Pete Takahito,2017-10-20,4,160.572,72,3,1,1,311,Others
Peter Bühler,2017-11-03,4,688.324,58,3,1,1,311,Others
Peter Fuller,2015-09-17,4,9062.863999999998,836,1,1,4,114,At Risk
Peter McVee,2017-11-09,4,4115.662,52,3,1,4,314,Others
Philip Brown,2017-09-24,8,1456.9499999999998,98,2,4,2,242,At Risk
Philip Fox,2017-06-17,6,2770.0,197,1,3,3,133,At Risk
Philisse Overcash,2017-07-23,9,4893.043000000001,161,2,4,4,244,At Risk
Phillina Ober,2017-10-05,5,1056.8580000000002,87,2,2,1,221,At Risk
Phillip Breyer,2016-02-11,2,132.738,689,1,1,1,111,At Risk
Phillip Flathmann,2017-09-07,5,2206.1279999999997,115,2,2,2,222,At Risk
Pierre Wener,2016-09-22,7,3922.4149999999995,465,1,3,4,134,At Risk
Quincy Jones,2017-12-05,9,6108.338,26,4,4,4,444,High Value
Rachel Payne,2016-08-21,4,954.6451999999999,497,1,1,1,111,At Risk
Ralph Arnett,2017-12-25,9,2617.9060000000004,6,4,4,3,443,Loyal Customers
Ralph Kennedy,2017-09-02,3,1460.1920000000002,120,2,1,2,212,At Risk
Ralph Ritter,2017-12-11,2,615.932,20,4,1,1,411,Others
Randy Bradley,2017-10-23,2,1008.1959999999999,69,3,1,1,311,Others
Randy Ferguson,2016-12-05,8,3309.1500000000005,391,1,4,3,143,At Risk
Raymond Buch,2017-09-25,6,15117.339,97,2,3,4,234,At Risk
Raymond Messe,2017-01-19,6,1453.474,346,1,3,2,132,At Risk
Resi Pölking,2017-11-27,12,5153.084,34,3,4,4,344,Loyal Customers
Ricardo Emerson,2014-12-29,1,48.36,1098,1,1,1,111,At Risk
Ricardo Sperren,2017-10-15,5,3221.29,77,2,2,3,223,At Risk
Richard Bierner,2017-12-11,8,2663.0860000000002,20,4,4,3,443,Loyal Customers
Richard Eichhorn,2017-03-03,5,876.696,303,1,2,1,121,At Risk
Rick Bensley,2017-12-21,12,4715.466000000001,10,4,4,4,444,High Value
Rick Duston,2017-10-19,8,4272.93,73,3,4,4,344,Loyal Customers
Rick Hansen,2017-11-28,5,3621.3759999999997,33,3,2,3,323,Others
Rick Huthwaite,2016-09-19,6,6979.18,468,1,3,4,134,At Risk
Rick Reed,2017-07-13,6,3302.262,171,2,3,3,233,At Risk
Rick Wilson,2017-09-01,7,7397.401000000001,121,2,3,4,234,At Risk
Ritsa Hightower,2016-07-29,2,740.382,520,1,1,1,111,At Risk
Rob Beeghly,2017-12-05,5,528.546,26,4,2,1,421,Others
Rob Dowd,2017-07-03,10,2912.8940000000002,181,2,4,3,243,At Risk
Rob Haberlin,2016-07-14,3,2085.7400000000002,535,1,1,2,112,At Risk
Rob Lucas,2017-08-31,8,6234.909999999999,122,2,4,4,244,At Risk
Rob Williams,2017-10-02,9,3279.7459999999996,90,2,4,3,243,At Risk
Robert Barroso,2016-03-22,5,221.08399999999997,649,1,2,1,121,At Risk
Robert Dilbeck,2017-09-07,5,2786.6319999999996,115,2,2,3,223,At Risk
Robert Marley,2017-12-24,5,5979.0960000000005,7,4,2,4,424,Others
Robert Waldorf,2017-10-12,5,3495.646,80,2,2,3,223,At Risk
Roger Barcio,2017-11-06,4,2067.45,55,3,1,2,312,Others
Roger Demir,2017-12-09,10,1419.7370000000003,22,4,4,2,442,Loyal Customers
Roland Fjeld,2017-10-02,7,2341.2960000000003,90,2,3,3,233,At Risk
Roland Murray,2017-03-06,1,98.35,300,1,1,1,111,At Risk
Roland Schwarz,2017-11-24,8,4159.769999999999,37,3,4,4,344,Loyal Customers
Rose O'Brian,2017-11-25,7,3815.478,36,3,3,4,334,Loyal Customers
Ross Baird,2017-11-28,8,5633.315999999999,33,3,4,4,344,Loyal Customers
Ross DeVincentis,2017-12-16,8,1137.6159999999998,15,4,4,1,441,Loyal Customers
Roy Collins,2016-12-26,6,966.4089999999999,370,1,3,1,131,At Risk
Roy Französisch,2017-12-24,8,945.222,7,4,4,1,441,Loyal Customers
Roy Phan,2017-12-02,8,2170.716000000001,29,4,4,2,442,Loyal Customers
Roy Skaria,2017-12-11,2,22.328,20,4,1,1,411,Others
Ruben Ausman,2017-11-17,7,3832.3139999999994,44,3,3,4,334,Loyal Customers
Ruben Dartt,2017-09-07,9,3133.9239999999995,115,2,4,3,243,At Risk
Russell Applegate,2017-12-18,9,4793.543000000001,13,4,4,4,444,High Value
Russell D'Ascenzo,2017-11-18,4,970.9420000000001,43,3,1,1,311,Others
Ryan Akin,2017-10-30,5,1686.9225000000004,62,3,2,2,322,Others
Ryan Crowe,2017-09-11,6,885.752,111,2,3,1,231,At Risk
Sally Hughsby,2017-12-01,13,3406.8394999999996,30,4,4,3,443,Loyal Customers
Sally Knutson,2017-12-22,3,883.409,9,4,1,1,411,Others
Sally Matthias,2016-11-04,4,244.494,422,1,1,1,111,At Risk
Sam Craven,2015-11-10,5,3362.9635999999996,782,1,2,3,123,At Risk
Sam Zeldin,2017-11-25,11,3625.3289999999997,36,3,4,3,343,Loyal Customers
Sample Company A,2017-11-20,9,4624.572000000001,41,3,4,4,344,Loyal Customers
Sandra Flanagan,2017-11-01,7,763.5459999999998,60,3,3,1,331,Loyal Customers
Sandra Glassco,2017-12-22,3,3406.581,9,4,1,3,413,Others
Sanjit Chand,2017-01-15,9,14142.333999999999,350,1,4,4,144,At Risk
Sanjit Engle,2017-12-21,11,12209.438000000002,10,4,4,4,444,High Value
Sanjit Jacobs,2017-09-26,12,3949.6559999999995,96,2,4,4,244,At Risk
Saphhira Shifley,2017-12-15,8,1324.028,16,4,4,2,442,Loyal Customers
Sara Luxemburg,2017-10-21,7,3053.012000000001,71,3,3,3,333,Loyal Customers
Sarah Bern,2017-06-12,3,1348.02,202,1,1,2,112,At Risk
Sarah Brown,2017-06-25,6,6410.995999999999,189,1,3,4,134,At Risk
Sarah Foster,2017-11-01,9,3422.785999999999,60,3,4,3,343,Loyal Customers
Sarah Jordon,2017-12-01,6,1341.036,30,4,3,2,432,Loyal Customers
Scot Coram,2017-08-03,4,4371.9580000000005,150,2,1,4,214,At Risk
Scot Wooten,2017-10-10,7,1085.078,82,2,3,1,231,At Risk
Scott Cohen,2017-06-26,8,3729.7929999999997,188,1,4,3,143,At Risk
Scott Williamson,2017-11-30,6,1966.65,31,4,3,2,432,Loyal Customers
Sean Braxton,2017-11-13,7,8057.890999999999,48,3,3,4,334,Loyal Customers
Sean Christensen,2017-12-01,7,3979.0649999999996,30,4,3,4,434,Loyal Customers
Sean Miller,2017-10-12,5,25043.05,80,2,2,4,224,At Risk
Sean O'Donnell,2017-12-01,6,2602.575500000001,30,4,3,3,433,Loyal Customers
Sean Wendt,2017-07-21,3,1019.0439999999998,163,2,1,1,211,At Risk
Seth Vernon,2017-09-20,10,11470.949999999997,102,2,4,4,244,At Risk
Shahid Collister,2017-11-30,9,5992.535999999999,31,4,4,4,444,High Value
Shahid Hopkins,2017-12-07,10,2180.718,24,4,4,2,442,Loyal Customers
Shahid Shariari,2017-09-11,6,3056.807,111,2,3,3,233,At Risk
Sharelle Roach,2017-12-22,5,3233.481,9,4,2,3,423,Others
Shaun Chance,2017-11-24,7,1874.998,37,3,3,2,332,Loyal Customers
Shaun Weien,2017-07-21,7,2921.544,163,2,3,3,233,At Risk
Sheri Gordon,2017-06-30,8,1884.7980000000002,184,2,4,2,242,At Risk
Shirley Daniels,2017-06-13,9,6121.114,201,1,4,4,144,At Risk
Shirley Jackson,2017-04-21,5,1318.7759999999998,254,1,2,2,122,At Risk
Shirley Schmidt,2016-08-26,3,613.4000000000001,492,1,1,1,111,At Risk
Shui Tom,2017-08-27,7,433.34,126,2,3,1,231,At Risk
Sibella Parks,2017-02-06,6,1306.0859999999998,328,1,3,2,132,At Risk
Skye Norling,2017-09-10,6,1860.418,112,2,3,2,232,At Risk
Sonia Cooley,2017-09-29,5,902.7280000000001,93,2,2,1,221,At Risk
Sonia Sunley,2016-10-24,6,418.49,433,1,3,1,131,At Risk
Speros Goranitis,2017-09-13,6,3124.832000000001,109,2,3,3,233,At Risk
Stefania Perrino,2017-11-13,9,5440.319,48,3,4,4,344,Loyal Customers
Stefanie Holloman,2015-11-26,2,2096.392,766,1,1,2,112,At Risk
Stephanie Phelps,2016-12-09,9,1872.4360000000001,387,1,4,2,142,At Risk
Stephanie Ulpright,2017-12-10,7,2595.3640000000005,21,4,3,3,433,Loyal Customers
Steve Carroll,2017-08-26,6,1254.64,127,2,3,2,232,At Risk
Steve Chapman,2017-10-02,10,2576.408,90,2,4,3,243,At Risk
Steve Nguyen,2017-10-12,7,3127.9592000000007,80,2,3,3,233,At Risk
Steven Cartwright,2017-06-26,11,5226.209999999998,188,1,4,4,144,At Risk
Steven Roelle,2017-06-17,8,4345.8859999999995,197,1,4,4,144,At Risk
Steven Ward,2016-07-14,2,758.696,535,1,1,1,111,At Risk
Stewart Carmichael,2017-11-19,7,4492.656999999999,42,3,3,4,334,Loyal Customers
Stewart Visinsky,2017-02-13,9,4105.305,321,1,4,4,144,At Risk
Stuart Calhoun,2017-11-30,4,279.256,31,4,1,1,411,Others
Stuart Van,2017-10-15,4,1271.0900000000004,77,2,1,2,212,At Risk
Sue Ann Reed,2017-10-28,10,4767.3415,64,3,4,4,344,Loyal Customers
Sung Chung,2017-08-21,2,280.632,132,2,1,1,211,At Risk
Sung Pak,2017-10-12,10,4282.94,80,2,4,4,244,At Risk
Sung Shariari,2017-09-01,5,964.6360000000001,121,2,2,1,221,At Risk
Susan Gilcrest,2017-05-18,3,47.946,227,1,1,1,111,At Risk
Susan MacKendrick,2016-05-03,1,1043.0410000000002,607,1,1,1,111,At Risk
Susan Pistek,2017-10-21,6,3990.6890000000003,71,3,3,4,334,Loyal Customers
Susan Vittorini,2017-12-28,8,1903.491,3,4,4,2,442,Loyal Customers
Suzanne McNair,2017-12-05,12,5563.392,26,4,4,4,444,High Value
Sylvia Foulston,2017-11-12,9,3336.535,49,3,4,3,343,Loyal Customers
Tamara Chand,2016-11-26,5,19052.217999999997,400,1,2,4,124,At Risk
Tamara Dahlen,2017-11-23,9,1434.5480000000002,38,3,4,2,342,Loyal Customers
Tamara Manning,2017-09-18,8,2955.2259999999997,104,2,4,3,243,At Risk
Tamara Willingham,2017-10-27,7,5278.825999999999,65,3,3,4,334,Loyal Customers
Tanja Norvell,2017-10-01,7,3130.221,91,2,3,3,233,At Risk
Ted Butterfield,2017-09-02,5,1467.881,120,2,2,2,222,At Risk
Ted Trevino,2017-11-29,7,4915.602,32,3,3,4,334,Loyal Customers
Thais Sissman,2017-01-07,2,4.833,358,1,1,1,111,At Risk
Thea Hendricks,2017-01-20,5,2422.824,345,1,2,3,123,At Risk
Thea Hudgings,2017-11-02,4,2942.772,59,3,1,3,313,Others
Theone Pippenger,2017-12-22,9,4454.056,9,4,4,4,444,High Value
Theresa Coyne,2017-09-15,1,1038.26,107,2,1,1,211,At Risk
Theresa Swint,2016-08-13,6,2163.6240000000003,505,1,3,2,132,At Risk
Thomas Boland,2017-11-02,4,3589.296,59,3,1,3,313,Others
Thomas Brumley,2017-11-11,4,816.174,50,3,1,1,311,Others
Thomas Seio,2017-06-15,7,5371.09,199,1,3,4,134,At Risk
Thomas Thornton,2017-06-30,8,1427.044,184,2,4,2,242,At Risk
Tiffany House,2017-09-04,8,1022.2010000000001,118,2,4,1,241,At Risk
Tim Brockman,2017-01-15,7,1602.376,350,1,3,2,132,At Risk
Tim Taslimi,2016-11-19,3,439.5,407,1,1,1,111,At Risk
Toby Braunhardt,2016-05-26,6,2198.45,584,1,3,2,132,At Risk
Toby Carlisle,2017-12-03,8,4266.812,28,4,4,4,444,High Value
Toby Gnade,2017-01-27,5,3058.3720000000003,338,1,2,3,123,At Risk
Toby Ritter,2017-06-20,5,675.942,194,1,2,1,121,At Risk
Toby Swindell,2017-05-18,5,974.7819999999999,227,1,2,1,121,At Risk
Todd Boyes,2017-08-06,5,834.328,147,2,2,1,221,At Risk
Todd Sumrall,2017-11-24,6,11891.751,37,3,3,4,334,Loyal Customers
Tom Ashbrook,2017-10-22,4,14595.62,70,3,1,4,314,Others
Tom Boeckenhauer,2017-06-11,7,9133.99,203,1,3,4,134,At Risk
Tom Prescott,2017-09-17,5,5329.0048,105,2,2,4,224,At Risk
Tom Stivers,2017-07-11,5,2054.14,173,2,2,2,222,At Risk
Tonja Turnell,2017-12-18,7,5364.808000000001,13,4,3,4,434,Loyal Customers
Tony Chapman,2017-07-30,9,1244.976,154,2,4,2,242,At Risk
Tony Molinari,2017-08-22,3,1094.6779999999999,131,2,1,1,211,At Risk
Tony Sayre,2017-12-19,6,2243.274,12,4,3,2,432,Loyal Customers
Tracy Blumstein,2017-09-14,9,4737.486,108,2,4,4,244,At Risk
Tracy Collins,2017-12-26,7,742.558,5,4,3,1,431,Loyal Customers
Tracy Hopkins,2017-10-19,7,4234.0960000000005,73,3,3,4,334,Loyal Customers
Tracy Poddar,2017-01-14,4,1936.6399999999996,351,1,1,2,112,At Risk
Tracy Zic,2017-11-25,4,1707.2860000000003,36,3,1,2,312,Others
Troy Blackwell,2017-03-20,5,1387.559,286,1,2,2,122,At Risk
Troy Staebel,2017-11-05,7,2820.4240000000004,56,3,3,3,333,Loyal Customers
Trudy Brown,2017-11-30,9,2797.668,31,4,4,3,443,Loyal Customers
Trudy Glocke,2017-09-07,4,2074.661,115,2,1,2,212,At Risk
Trudy Schmidt,2017-05-06,5,3368.093999999999,239,1,2,3,123,At Risk
Valerie Dominguez,2016-05-28,6,6442.254000000001,582,1,3,4,134,At Risk
Valerie Mitchum,2017-11-06,7,2454.866,55,3,3,3,333,Loyal Customers
Valerie Takahito,2015-04-05,2,1736.596,1001,1,1,2,112,At Risk
Vicky Freymann,2017-12-17,5,847.944,14,4,2,1,421,Others
Victor Preis,2017-11-30,3,993.9019999999999,31,4,1,1,411,Others
Victoria Brennan,2017-11-06,6,2005.5959999999998,55,3,3,2,332,Loyal Customers
Victoria Pisteka,2017-10-16,7,3360.526,76,3,3,3,333,Loyal Customers
Victoria Wilson,2017-12-02,10,6134.0380000000005,29,4,4,4,444,High Value
Vivek Gonzalez,2017-07-29,6,846.0100000000001,155,2,3,1,231,At Risk
Vivek Grady,2017-03-19,5,427.372,287,1,2,1,121,At Risk
Vivek Sundaresam,2017-05-23,4,1055.9809999999998,222,1,1,1,111,At Risk
Vivian Mathis,2017-09-04,5,380.69,118,2,2,1,221,At Risk
William Brown,2017-12-10,11,6160.102,21,4,4,4,444,High Value
Xylona Preis,2017-11-17,11,2374.6580000000004,44,3,4,3,343,Loyal Customers
Yana Sorensen,2017-12-21,8,6720.443999999999,10,4,4,4,444,High Value
Yoseph Carroll,2017-12-26,5,5454.35,5,4,2,4,424,Others
Zuschuss Carroll,2017-11-06,13,8025.707000000001,55,3,4,4,344,Loyal Customers
Zuschuss Donatelli,2017-06-11,5,1493.944,203,1,2,2,122,At Risk
